"Ідеальний вишневий цвіт","Юкарі Якумо/Юко Сайгйоджі","Японія/Китай/",2003,"R","Комедії/Бойовик",120,5.6,7,77777,777
"Нетлінна ніч","Фуджівара Но Моку","Японія/",2004,"M","Драма/",127,10,10,666,666
"Фантазмагорія квіткового поля","Еікі Шікі Ямадзанаду","Японія/",2004,"M","Фантастика/",112,10,10,666,666
"Погір'я долі - Східні хроніки богині вітру","Морія Сувако","Японія/",2004,"M","Пригоди/Драма/",136,10,10,666, 666
"Пробудження багряного демона - Східні землі червоної дияволиці","Ремілія Скарлет/Фландере Скарлет","Японія/",2002,"APPROVED","Комедії/",154,10,8,77777, 666
"Безнадійний Маскарад","Юкарі Якумо/Юко Сайгйоджі","Японія/Китай/",2003,"R","Комедії/Бойовик",120,5.6,7,77777,777
"Спадщина місячного королівства","Фуджівара Но Моку","Японія/",2004,"M","Драма/",127,10,10,666,666
"Антиномія квітів","Еікі Шікі Ямадзанаду","Японія/",2004,"M","Фантастика/",112,10,10,666,666
"Незакінчений сон потойбіччя","Рейму Хакурей/Маріса Кірісаме","Японія/",2004,"M","Пригоди/",136,10,10,666, 666
"Східне небо невблаганних багряних думок","Ремілія Скарлет/Рейму Хакурей","Японія/",2002,"APPROVED","Комедії/",154,10,8,77777, 666
"Неопізнаний літаючий об'єкт","Ремілія Скарлет/Фландере Скарлет","Японія/",2002,"NR","Комедії/",154,10,8,77777, 666
"Леон","Вінс Бенінгтон","Франція/США/",1994,"PG","Бойовик/Драма/",154,10,8,77777, 634253667
"Аванті!","Біллі Уайлдер","Японія/",1974,"PG","Комедії/",154,10,8,77777, 634253667
"Паразит","Кім Кі-Ву/Кім Кі-Тек","Японія/Китай",2019,"R","Драма/Трилер",132,8.6,9,88888,777
"Амелі","Амелі Пулен","Франція/",2001,"R","Комедії/Романтика",122,8.3,8,99999,888
"Сінглтонська казка","Люсі Сінглтон","Сполучене Королівство/",2005,"PG-13","Драма/Комедії",108,7.7,7,77777,666
"Життя прекрасне","Гвідо Орефіче","Італія/",1997,"PG-13","Драма/Комедії",116,8.6,8,99999,888
"Хлопці з Вегасу","Філ Веннек","США/",2009,"R","Комедії",100,7.7,8,88888,777
"Відсутність","П'єр Делоне","Франція/",2018,"R","Драма",105,7.9,8,77777,666
"Метрополіс","Фредер/Марія","Німеччина/",1927,"NR","Фантастика",153,8.3,9,99999,888
"Чужий","Еллен Ріплі","США/Сполучене Королівство/",1979,"R","Фантастика/Жахи",117,8.4,9,88888,777
"Мій сусід Тоторо","Сацукі/Мей","Японія/",1988,"G","Анімація/Фантастика",86,8.2,8,77777,666
"Божественне весілля","Жюль Дассен","Франція/",1955,"PG","Мюзикл/Комедії",102,7.9,8,88888,777












